MLA1608095574	MLA	MicroondasRotativoPhilcoWphrw20an700w20l	125999	500	http://http2.mlstatic.com/D_618439-MLU73409943778_122023-I.jpg	2024-02-26
MLA1391274435	MLA	MicroondasBghDigitalQuickChefEco20LitrosB120ds20	178955	1	http://http2.mlstatic.com/D_835682-MLU72748263807_112023-I.jpg	2024-02-26
MLA1365003393	MLA	MicroondasGrillAtmaEasyCookMd1723gnBlanco23l220v	145999	1	http://http2.mlstatic.com/D_841302-MLU72653654647_112023-I.jpg	2024-02-26
MLA1471887242	MLA	HornoMicroondasConGrillLG-42LitrosMh8298dir	395999	1	http://http2.mlstatic.com/D_871228-MLU72903703429_112023-I.jpg	2024-02-26
MLA1375093303	MLA	MicroondasGrillAtmaMd1823gnAceroInoxidable23l220v	185999	100	http://http2.mlstatic.com/D_771900-MLU72749129484_112023-I.jpg	2024-02-26
MLA1374329405	MLA	MicroondasGrillAtmaMd1820gnAceroInoxidable17l220v	159999	1	http://http2.mlstatic.com/D_913746-MLU72542374064_112023-I.jpg	2024-02-26
MLA926767508	MLA	MicroondasGrillBghQuickChefB228db9Blanco28l220v	204999	1	http://http2.mlstatic.com/D_815777-MLU72650817795_112023-I.jpg	2024-02-26
MLA1148121018	MLA	MicroondasGrillSanseiMdgsa28npiBlanco28l220v	121999	250	http://http2.mlstatic.com/D_988505-MLU72569156774_112023-I.jpg	2024-02-26
MLA1535326890	MLA	MicroondasAtmaVintageMd1820vnBlanco20l220v	139999	1	http://http2.mlstatic.com/D_966564-MLU72761226328_112023-I.jpg	2024-02-26
MLA1581927270	MLA	MicroondasDigitalAtmaMatdb20cnNegro20Lts700w	138674	1	http://http2.mlstatic.com/D_645388-MLU72675219638_112023-I.jpg	2024-02-26
MLA1468618372	MLA	MicroondasGrillAtmaEasyCookMd1728gnBlanco28l220v	150784	1	http://http2.mlstatic.com/D_795140-MLU72603594510_112023-I.jpg	2024-02-26
MLA1150996525	MLA	MicroondasGrillBghB228dn20Negro28l220v	217999	50	http://http2.mlstatic.com/D_852961-MLU73199744645_122023-I.jpg	2024-02-26
MLA1581874852	MLA	MicroondasBghQuickChefB223ds20DigitalEco23l	249999	1	http://http2.mlstatic.com/D_679135-MLU72748485525_112023-I.jpg	2024-02-26
MLA1542209896	MLA	MicroondasPhilco91mpg8428npi28LitrosConGrillColorBlanco	144999	100	http://http2.mlstatic.com/D_690832-MLU72579410270_112023-I.jpg	2024-02-26
MLA1402126893	MLA	MicroondasRotativoMatrb20an20lts700wNegroAtma	128542	1	http://http2.mlstatic.com/D_859748-MLU73266638951_122023-I.jpg	2024-02-26
MLA1313941664	MLA	MicroondasBghQuickChefB120db9Blanco20l220v	155364	1	http://http2.mlstatic.com/D_739532-MLU72581100810_112023-I.jpg	2024-02-26
MLA1371842025	MLA	MicroondasBghB120m20MecánicoQuickChefBlanco20Litros	150449	1	http://http2.mlstatic.com/D_876022-MLU74244289121_012024-I.jpg	2024-02-26
MLA1246671369	MLA	MicroondasKelvinatorK20digSilver20l220v	151999	50	http://http2.mlstatic.com/D_743427-MLA46258145936_062021-I.jpg	2024-02-26
MLA907786534	MLA	MicroondasDigitalBghQuickChefB330dss9Trifunción30L	313400	1	http://http2.mlstatic.com/D_949071-MLU72338775643_102023-I.jpg	2024-02-26
MLA915239295	MLA	MicroondasBgh28Litros220vDigitalEcoB228ds20	222914	1	http://http2.mlstatic.com/D_685390-MLU72491323848_102023-I.jpg	2024-02-26
MLA1605273418	MLA	MicroondaPhilcoMpd8620700w20litrosDigital	134999	250	http://http2.mlstatic.com/D_665116-MLA74221380769_012024-I.jpg	2024-02-26
MLA1118668428	MLA	MicroondasPhilcoMpr8520npiBlanco20l220v	124999	250	http://http2.mlstatic.com/D_982917-MLA52930801098_122022-I.jpg	2024-02-26
MLA1137532090	MLA	MicroondasBghEcoNegroDigital23Litros800w220vNegro	189999	1	http://http2.mlstatic.com/D_655714-MLU69962636699_062023-I.jpg	2024-02-26
MLA1407284893	MLA	MicroondasBghEcoNegroDigital20Litros700wMonofunción	169808	1	http://http2.mlstatic.com/D_915495-MLA51372282399_092022-I.jpg	2024-02-26
MLA1401237250	MLA	MicroondasSanseiMdsa20npiBlanco20l220v	108999	100	http://http2.mlstatic.com/D_750974-MLU72575025004_112023-I.jpg	2024-02-26
MLA1387978941	MLA	SamsungMg23f3k3taMg23f3k3tak/bg-Negro-220v	253499	1	http://http2.mlstatic.com/D_683386-MLU72752581668_112023-I.jpg	2024-02-26
MLA1574799646	MLA	MicroondasAtmaEasyCookMr1720npiBlanco20l220v	155000	1	http://http2.mlstatic.com/D_804133-MLU72611785165_112023-I.jpg	2024-02-26
MLA1468527882	MLA	MicroondasGrillAtmaMd1828gnAceroInoxidable28l220v	216020	1	http://http2.mlstatic.com/D_851948-MLA40184463751_122019-I.jpg	2024-02-26
MLA848014571	MLA	MicroondasAtmaEasyCookMd1720n700wBlanco20l220v	127199	150	http://http2.mlstatic.com/D_797289-MLA40172152547_122019-I.jpg	2024-02-26
MLA1410806053	MLA	HornoMicroondasDigitalGrillRenacer23lts800wCr823mg	299999	1	http://http2.mlstatic.com/D_772171-MLA47425763143_092021-I.jpg	2024-02-26
MLA1388958159	MLA	MicroondasSamsung20LitrosBlancoMe731k-kd	232099	50	http://http2.mlstatic.com/D_646224-MLA46794084190_072021-I.jpg	2024-02-26
MLA1315726310	MLA	MicroondasGrillSamsungMg22m8054aNegro22l230v	675999	1	http://http2.mlstatic.com/D_818622-MLU72535365622_102023-I.jpg	2024-02-26
MLA898987068	MLA	MicroondasSamsungGrillCerámicoTripleDistribución23lSl	239899	1	http://http2.mlstatic.com/D_657265-MLA52027687930_102022-I.jpg	2024-02-26
MLA1144365877	MLA	MicroondasWhirlpool20litrosWms20asSilver	259999	1	http://http2.mlstatic.com/D_665399-MLU73338077646_122023-I.jpg	2024-02-26
MLA1543892930	MLA	MicroondasEmpotrableAtmaMatbds25api25l900w	292229	1	http://http2.mlstatic.com/D_893514-MLU72748271753_112023-I.jpg	2024-02-26
MLA1487494324	MLA	MicroondasGrillWhirlpoolWms25aInoxidable25l230v-240v	286999	1	http://http2.mlstatic.com/D_785514-MLA52127401082_102022-I.jpg	2024-02-26
MLA1347537382	MLA	MicroondasSmartConTecnologíaHotblast28lMc28m6055ck	550619	1	http://http2.mlstatic.com/D_880488-MLU72563928212_112023-I.jpg	2024-02-26
MLA1584748484	MLA	Microondas29LitrosDigitalConGrillRcaRw29dg900w	179999	50	http://http2.mlstatic.com/D_888786-MLU72605991310_112023-I.jpg	2024-02-26
MLA1148307005	MLA	MicroondasSanseiMrsa20npiBlanco20l220v	105999	250	http://http2.mlstatic.com/D_995727-MLU74610384179_022024-I.jpg	2024-02-26
MLA913616014	MLA	MicroondasGrillAristonMd554IxAAceroInoxidable31l220v-240v	1002250	1	http://http2.mlstatic.com/D_974546-MLU72749478696_112023-I.jpg	2024-02-26
MLA1396813635	MLA	MicroondasEmpotrablePhilcoPredictaMppbts25ap25l900w	331145	1	http://http2.mlstatic.com/D_811228-MLU74088422951_012024-I.jpg	2024-02-26
MLA1122596836	MLA	MicroondasDaewoo20LitrosConPanelDigitalD120d	171999	1	http://http2.mlstatic.com/D_911720-MLU72923486631_112023-I.jpg	2024-02-26
MLA880450849	MLA	MicroondasGrillSamsungMg28f3k3tPlata28l220v	410905	1	http://http2.mlstatic.com/D_961103-MLU72821332773_112023-I.jpg	2024-02-26
MLA1309714612	MLA	MicroondasAuroraMecánicoColorNegro20L	155399	150	http://http2.mlstatic.com/D_996869-MLU72745883950_112023-I.jpg	2024-02-26
MLA1557015346	MLA	MicroondasDigitalRenacer20ltsCr720mdBlanco700w	159899	1	http://http2.mlstatic.com/D_770655-MLA53524507735_012023-I.jpg	2024-02-26
MLA1124855934	MLA	Microondas25LtDigitalRca	288899	1	http://http2.mlstatic.com/D_896086-MLU72746414226_112023-I.jpg	2024-02-26
MLA1387808641	MLA	MicroondasWhirlpoolMcp346slColorNegroPlateado	241999	1	http://http2.mlstatic.com/D_707195-MLU74194828363_012024-I.jpg	2024-02-26
MLA1394169343	MLA	KanjiKjh-m23lx001m-Blanco-220v	191519	1	http://http2.mlstatic.com/D_983321-MLA51824615038_102022-I.jpg	2024-02-26
MLA899846650	MLA	MicroondasBghQuickChefB120dBlanco20l220v	153740	1	http://http2.mlstatic.com/D_710047-MLA74134590768_012024-I.jpg	2024-02-26
MLA902438921	MLA	MicroondasIndustrialGrillMorettiComercialMicroPro25AceroInoxidable25l230v	786607	1	http://http2.mlstatic.com/D_629341-MLA44331216424_122020-I.jpg	2024-02-26
